Age group ,Population,At least one dose,At least one dose percent,Fully Vaccinated,Fully Vaccinated Percent,Additional Dose 1 Received Count,Additional Dose 1 Received Percent,Date
<2,70167,0,0,0,0,,,09/29/2021
2-11,389173,0,0,0,0,,,09/29/2021
12-15,176600,120447,68.2,106414,60.3,,,09/29/2021
16-24,433573,305948,70.6,270814,62.5,,,09/29/2021
25-34,448029,328063,73.2,293401,65.5,,,09/29/2021
35-44,427141,345181,80.8,315055,73.8,,,09/29/2021
45-54,476905,387484,81.2,363476,76.2,,,09/29/2021
55-64,513455,460711,89.7,437860,85.3,,,09/29/2021
65-74,352819,335420,95.1,319516,90.6,,,09/29/2021
75+,277425,250710,90.4,236937,85.4,,,09/29/2021
<2,70167,0,0,0,0,,,07/29/2021
2-11,389173,0,0,0,0,,,07/29/2021
12-15,176600,93997,53.2,78301,44.3,,,07/29/2021
16-24,433573,269925,62.3,236833,54.6,,,07/29/2021
25-34,448029,286402,63.9,259054,57.8,,,07/29/2021
35-44,427141,310813,72.8,285107,66.7,,,07/29/2021
45-54,476905,361816,75.9,340000,71.3,,,07/29/2021
55-64,513455,441669,86,420372,81.9,,,07/29/2021
65-74,352819,325481,92.3,312677,88.6,,,07/29/2021
75+,277425,244262,88,233495,84.2,,,07/29/2021
<2,70167,0,0,0,0,,,07/21/2021
2-11,389173,0,0,0,0,,,07/21/2021
12-15,176600,89825,50.9,75375,42.7,,,07/21/2021
16-24,433573,264614,61,232273,53.6,,,07/21/2021
25-34,448029,281841,62.9,254958,56.9,,,07/21/2021
35-44,427141,306729,71.8,280807,65.7,,,07/21/2021
45-54,476905,358582,75.2,329869,69.2,,,07/21/2021
55-64,513455,439120,85.5,410547,80,,,07/21/2021
65-74,352819,324414,91.9,309722,87.8,,,07/21/2021
75+,277425,243799,87.9,232372,83.8,,,07/21/2021
<2,70167,0,0,0,0,,,07/14/2021
2-11,389173,0,0,0,0,,,07/14/2021
12-15,176600,86922,49.2,71464,40.5,,,07/14/2021
16-24,433573,260570,60.1,227995,52.6,,,07/14/2021
25-34,448029,278732,62.2,251346,56.1,,,07/14/2021
35-44,427141,304076,71.2,277479,65,,,07/14/2021
45-54,476905,356626,74.8,327071,68.6,,,07/14/2021
55-64,513455,437663,85.2,408419,79.5,,,07/14/2021
65-74,352819,324079,91.9,308653,87.5,,,07/14/2021
75+,277425,243589,87.8,231805,83.6,,,07/14/2021
<2,70167,0,0,0,0,,,07/07/2021
2-11,389173,0,0,0,0,,,07/07/2021
12-15,176600,84096,47.6,68307,38.7,,,07/07/2021
16-24,433573,256462,59.2,224510,51.8,,,07/07/2021
25-34,448029,275706,61.5,248214,55.4,,,07/07/2021
35-44,427141,301264,70.5,274642,64.3,,,07/07/2021
45-54,476905,354523,74.3,324677,68.1,,,07/07/2021
55-64,513455,436102,84.9,406416,79.2,,,07/07/2021
65-74,352819,323365,91.7,307704,87.2,,,07/07/2021
75+,277425,243235,87.7,231194,83.3,,,07/07/2021
<2,70167,0,0,0,0,,,06/30/2021
2-11,389173,0,0,0,0,,,06/30/2021
12-15,176600,81182,46,64802,36.7,,,06/30/2021
16-24,433573,252862,58.3,220568,50.9,,,06/30/2021
25-34,448029,273076,61,244932,54.7,,,06/30/2021
35-44,427141,298773,69.9,271612,63.6,,,06/30/2021
45-54,476905,352701,74,322211,67.6,,,06/30/2021
55-64,513455,434884,84.7,404375,78.8,,,06/30/2021
65-74,352819,322933,91.5,306890,87,,,06/30/2021
75+,277425,243113,87.6,230718,83.2,,,06/30/2021
<2,70167,0,0,0,0,,,06/24/2021
2-11,389173,0,0,0,0,,,06/24/2021
12-15,176600,77725,44,59570,33.7,,,06/24/2021
16-24,433573,248829,57.4,211970,48.9,,,06/24/2021
25-34,448029,269610,60.2,236930,52.9,,,06/24/2021
35-44,427141,295545,69.2,263376,61.7,,,06/24/2021
45-54,476905,350325,73.5,314105,65.9,,,06/24/2021
55-64,513455,433039,84.3,399880,77.9,,,06/24/2021
65-74,352819,322206,91.3,305027,86.5,,,06/24/2021
75+,277425,242731,87.5,229774,82.8,,,06/24/2021
<2,70167,0,0,0,0,,,06/16/2021
2-11,389173,0,0,0,0,,,06/16/2021
12-15,176600,73068,41.4,50439,28.6,,,06/16/2021
16-24,433573,244061,56.3,204150,47.1,,,06/16/2021
<2,70167,0,0,0,0,,,10/06/2021
25-34,448029,265391,59.2,229859,51.3,,,06/16/2021
35-44,427141,291833,68.3,256813,60.1,,,06/16/2021
45-54,476905,347480,72.9,308881,64.8,,,06/16/2021
55-64,513455,430687,83.9,395737,77.1,,,06/16/2021
65-74,352819,321251,91.1,303312,86,,,06/16/2021
75+,277425,242164,87.3,228851,82.5,,,06/16/2021
<2,70167,0,0,0,0,,,06/09/2021
2-11,389173,0,0,0,0,,,06/09/2021
12-15,176600,67240,38.1,28138,15.9,,,06/09/2021
16-24,433573,238284,55,192537,44.4,,,06/09/2021
25-34,448029,260450,58.1,220282,49.2,,,06/09/2021
35-44,427141,287378,67.3,247330,57.9,,,06/09/2021
45-54,476905,344065,72.1,301897,63.3,,,06/09/2021
55-64,513455,428057,83.4,389145,75.8,,,06/09/2021
65-74,352819,319642,90.6,299819,85,,,06/09/2021
75+,277425,241299,87,226892,81.8,,,06/09/2021
<2,70167,0,0,0,0,,,06/02/2021
2-11,389173,0,0,0,0,,,06/02/2021
12-15,176600,59830,33.9,127,0.1,,,06/02/2021
16-24,433573,231964,53.5,181100,41.8,,,06/02/2021
25-34,448029,254939,56.9,211302,47.2,,,06/02/2021
35-44,427141,282446,66.1,238564,55.9,,,06/02/2021
45-54,476905,340201,71.3,294949,61.8,,,06/02/2021
55-64,513455,425038,82.8,383454,74.7,,,06/02/2021
65-74,352819,318344,90.2,297362,84.3,,,06/02/2021
75+,277425,240163,86.6,225389,81.2,,,06/02/2021
<2,70167,0,0,0,0,,,05/26/2021
2-11,389173,0,0,0,0,,,05/26/2021
12-15,176600,52566,29.8,91,0.1,,,05/26/2021
16-24,433573,224593,51.8,169849,39.2,,,05/26/2021
25-34,448029,248418,55.4,200804,44.8,,,05/26/2021
35-44,427141,276454,64.7,227879,53.3,,,05/26/2021
45-54,476905,335742,70.4,286776,60.1,,,05/26/2021
55-64,513455,421670,82.1,377150,73.5,,,05/26/2021
65-74,352819,317038,89.9,294718,83.5,,,05/26/2021
75+,277425,239444,86.3,224109,80.8,,,05/26/2021
<2,70167,0,0,0,0,,,09/15/2021
2-11,389173,0,0,0,0,,,09/15/2021
12-15,176600,117564,66.6,101457,57.5,,,09/15/2021
16-24,433573,300956,69.4,264483,61,,,09/15/2021
25-34,448029,320499,71.5,284840,63.6,,,09/15/2021
35-44,427141,338850,79.3,308009,72.1,,,09/15/2021
45-54,476905,382302,80.2,357788,75,,,09/15/2021
55-64,513455,456862,89,433747,84.5,,,09/15/2021
65-74,352819,333004,94.4,318197,90.2,,,09/15/2021
75+,277425,248995,89.8,236352,85.2,,,09/15/2021
<2,70167,0,0,0,0,,,05/20/2021
2-11,389173,0,0,0,0,,,05/20/2021
12-15,176600,29158,16.5,31,0,,,05/20/2021
16-24,433573,212439,49,152541,35.2,,,05/20/2021
25-34,448029,238808,53.3,185867,41.5,,,05/20/2021
35-44,427141,267128,62.5,212514,49.8,,,05/20/2021
45-54,476905,329013,69,276072,57.9,,,05/20/2021
55-64,513455,416722,81.2,368852,71.8,,,05/20/2021
65-74,352819,315045,89.3,291195,82.5,,,05/20/2021
75+,277425,238529,86,222323,80.1,,,05/20/2021
15 or below,635940,0,0,0,0,,,05/12/2021
16-24,433573,198773,45.8,117872,27.2,,,05/12/2021
25-34,448029,227600,50.8,158353,35.3,,,05/12/2021
35-44,427141,256137,60,182483,42.7,,,05/12/2021
45-54,476905,321008,67.3,257148,53.9,,,05/12/2021
55-64,513455,410775,80,355298,69.2,,,05/12/2021
65-74,352819,312810,88.7,285827,81,,,05/12/2021
<5,181710,,,,,,,04/06/2022
75+,277425,237349,85.6,219615,79.2,,,05/12/2021
Age unknown,,464,,206,,,,05/12/2021
<2,70167,0,0,0,0,,,09/08/2021
2-11,389173,0,0,0,0,,,09/08/2021
12-15,176600,115739,65.5,98047,55.5,,,09/08/2021
16-24,433573,297932,68.7,260766,60.1,,,09/08/2021
25-34,448029,316368,70.6,280378,62.6,,,09/08/2021
35-44,427141,335558,78.6,304283,71.2,,,09/08/2021
45-54,476905,379999,79.7,355061,74.5,,,09/08/2021
55-64,513455,455168,88.6,431777,84.1,,,09/08/2021
65-74,352819,332071,94.1,317469,90,,,09/08/2021
75+,277425,248366,89.5,235974,85.1,,,09/08/2021
<2,70167,0,0,0,0,,,09/01/2021
2-11,389173,0,0,0,0,,,09/01/2021
12-15,176600,113798,64.4,94918,53.7,,,09/01/2021
16-24,433573,294898,68,257460,59.4,,,09/01/2021
25-34,448029,312375,69.7,276705,61.8,,,09/01/2021
35-44,427141,332467,77.8,300980,70.5,,,09/01/2021
45-54,476905,377832,79.2,352578,73.9,,,09/01/2021
55-64,513455,453506,88.3,429950,83.7,,,09/01/2021
65-74,352819,331121,93.9,316742,89.8,,,09/01/2021
75+,277425,247713,89.3,235612,84.9,,,09/01/2021
<2,70167,0,0,0,0,,,08/25/2021
2-11,389173,0,0,0,0,,,08/25/2021
12-15,176600,110149,62.4,90639,51.3,,,08/25/2021
16-24,433573,290030,66.9,252792,58.3,,,08/25/2021
25-34,448029,306871,68.5,271994,60.7,,,08/25/2021
35-44,427141,328008,76.8,296852,69.5,,,08/25/2021
45-54,476905,374663,78.6,349400,73.3,,,08/25/2021
55-64,513455,451141,87.9,427593,83.3,,,08/25/2021
65-74,352819,329735,93.5,315742,89.5,,,08/25/2021
75+,277425,246809,89,235092,84.7,,,08/25/2021
<2,70167,0,0,0,0,,,08/18/2021
2-11,389173,0,0,0,0,,,08/18/2021
12-15,176600,106485,60.3,86840,49.2,,,08/18/2021
16-24,433573,285526,65.9,248499,57.3,,,08/18/2021
25-34,448029,301970,67.4,268086,59.8,,,08/18/2021
35-44,427141,324171,75.9,293394,68.7,,,08/18/2021
45-54,476905,371808,78,346641,72.7,,,08/18/2021
55-64,513455,448980,87.4,425439,82.9,,,08/18/2021
65-74,352819,328507,93.1,314891,89.3,,,08/18/2021
75+,277425,245944,88.7,234679,84.6,,,08/18/2021
<2,70167,0,0,0,0,,,08/12/2021
2-11,389173,0,0,0,0,,,08/12/2021
12-15,176600,102292,57.9,83349,47.2,,,08/12/2021
16-24,433573,280398,64.7,244250,56.3,,,08/12/2021
25-34,448029,296561,66.2,264412,59,,,08/12/2021
35-44,427141,319717,74.9,290183,67.9,,,08/12/2021
45-54,476905,368512,77.3,344066,72.1,,,08/12/2021
55-64,513455,446589,87,423489,82.5,,,08/12/2021
65-74,352819,327440,92.8,314029,89,,,08/12/2021
75+,277425,245271,88.4,234223,84.4,,,08/12/2021
<2,70167,0,0,0,0,,,08/12/2021
2-11,389173,0,0,0,0,,,08/12/2021
12-15,176600,102292,57.9,83349,47.2,,,08/12/2021
16-24,433573,280398,64.7,244250,56.3,,,08/12/2021
25-34,448029,296561,66.2,264412,59,,,08/12/2021
35-44,427141,319717,74.9,290183,67.9,,,08/12/2021
45-54,476905,368512,77.3,344066,72.1,,,08/12/2021
55-64,513455,446589,87,423489,82.5,,,08/12/2021
65-74,352819,327440,92.8,314029,89,,,08/12/2021
75+,277425,245271,88.4,234223,84.4,,,08/12/2021
<2,70167,0,0,0,0,,,08/04/2021
2-11,389173,0,0,0,0,,,08/04/2021
12-15,176600,96356,54.6,80750,45.7,,,08/04/2021
16-24,433573,272857,62.9,240376,55.4,,,08/04/2021
25-34,448029,289112,64.5,261417,58.3,,,08/04/2021
35-44,427141,313212,73.3,287465,67.3,,,08/04/2021
45-54,476905,363501,76.2,341736,71.7,,,08/04/2021
<5,181710,,,,,,,04/13/2022
55-64,513455,442830,86.2,421630,82.1,,,08/04/2021
65-74,352819,325827,92.3,313172,88.8,,,08/04/2021
75+,277425,244368,88.1,233717,84.2,,,08/04/2021
<2,70167,0,0,0,0,,,09/22/2021
2-11,389173,0,0,0,0,,,09/22/2021
12-15,176600,119211,67.5,104499,59.2,,,09/22/2021
16-24,433573,303588,70,268198,61.9,,,09/22/2021
25-34,448029,324478,72.4,289795,64.7,,,09/22/2021
35-44,427141,342289,80.1,312189,73.1,,,09/22/2021
45-54,476905,385373,80.8,361414,75.8,,,09/22/2021
55-64,513455,459148,89.4,436369,85,,,09/22/2021
65-74,352819,333975,94.7,318961,90.4,,,09/22/2021
75+,277425,249602,90,236686,85.3,,,09/22/2021
15 or below,635940,0,0,0,0,,,05/05/2021
16-24,433573,182588,42.1,77640,17.9,,,05/05/2021
25-34,448029,213605,47.7,122751,27.4,,,05/05/2021
35-44,427141,241978,56.7,142730,33.4,,,05/05/2021
45-54,476905,310681,65.1,235366,49.4,,,05/05/2021
55-64,513455,402750,78.4,340162,66.2,,,05/05/2021
65-74,352819,309394,87.7,280590,79.5,,,05/05/2021
75+,277425,235617,84.9,217148,78.3,,,05/05/2021
Age unknown,,433,,186,,,,05/05/2021
15 or below,635940,0,0,0,0,,,04/29/2021
16-24,433573,164659,38,53374,12.3,,,04/29/2021
25-34,448029,198711,44.4,100296,22.4,,,04/29/2021
35-44,427141,226207,53,116338,27.2,,,04/29/2021
45-54,476905,299498,62.8,213319,44.7,,,04/29/2021
55-64,513455,394134,76.8,324133,63.1,,,04/29/2021
65-74,352819,305666,86.6,275489,78.1,,,04/29/2021
75+,277425,233627,84.2,214789,77.4,,,04/29/2021
Age unknown,,602,,201,,,,04/29/2021
15 or below,635940,47,0,11,0,,,04/21/2021
16-24,433573,170078,39.2,47908,11,,,04/21/2021
25-34,448029,204260,45.6,95011,21.2,,,04/21/2021
35-44,427141,232396,54.4,110377,25.8,,,04/21/2021
45-54,476905,303563,63.7,214402,45,,,04/21/2021
55-64,513455,396666,77.3,329513,64.2,,,04/21/2021
65-74,352819,305903,86.7,279222,79.1,,,04/21/2021
75+,277425,233923,84.3,217603,78.4,,,04/21/2021
Age unknown,,72,,51,,,,04/21/2021
15 or below,635940,33,0,8,0,,,04/14/2021
16-24,433573,135027,31.1,39664,9.1,,,04/14/2021
25-34,448029,178394,39.8,85418,19.1,,,04/14/2021
35-44,427141,204462,47.9,96494,22.6,,,04/14/2021
45-54,476905,286015,60,151000,31.7,,,04/14/2021
55-64,513455,384121,74.8,293043,57.1,,,04/14/2021
65-74,352819,301267,85.4,269381,76.4,,,04/14/2021
75+,277425,231681,83.5,214169,77.2,,,04/14/2021
Age unknown,,67,,49,,,,04/14/2021
15 or below,635940,10,0,3,0,,,03/31/2021
16-24,433573,46528,10.7,23607,5.4,,,03/31/2021
25-34,448029,92563,20.7,59161,13.2,,,03/31/2021
35-44,427141,109735,25.7,65885,15.4,,,03/31/2021
45-54,476905,236725,49.6,82582,17.3,,,03/31/2021
55-64,513455,348739,67.9,166246,32.4,,,03/31/2021
65-74,352819,289174,82,231616,65.6,,,03/31/2021
75+,277425,226144,81.5,203926,73.5,,,03/31/2021
Age unknown,,59,,42,,,,03/31/2021
15 or below,635940,6,0,1,0,,,03/24/2021
16-24,433573,32781,7.6,19629,4.5,,,03/24/2021
25-34,448029,75974,17,50061,11.2,,,03/24/2021
35-44,427141,86706,20.3,53802,12.6,,,03/24/2021
45-54,476905,188962,39.6,67761,14.2,,,03/24/2021
55-64,513455,319031,62.1,107661,21,,,03/24/2021
65-74,352819,280672,79.6,204280,57.9,,,03/24/2021
75+,277425,222748,80.3,197768,71.3,,,03/24/2021
Age unknown,,56,,37,,,,03/24/2021
15 or below,635940,2,0,1,0,,,03/03/2021
16-24,433573,21875,5,15443,3.6,,,03/03/2021
25-34,448029,56730,12.7,40442,9,,,03/03/2021
35-44,427141,62186,14.6,42077,9.9,,,03/03/2021
45-54,476905,74907,15.7,50385,10.6,,,03/03/2021
55-64,513455,134595,26.2,59210,11.5,,,03/03/2021
65-74,352819,228911,64.9,47713,13.5,,,03/03/2021
75+,277425,208705,75.2,157899,56.9,,,03/03/2021
Age unknown,,49,,32,,,,03/03/2021
15 or below,635940,2,0,1,0,,,02/24/2021
16-24,433573,18504,4.3,13829,3.2,,,02/24/2021
25-34,448029,46848,10.5,36721,8.2,,,02/24/2021
35-44,427141,48366,11.3,37356,8.7,,,02/24/2021
45-54,476905,58046,12.2,44853,9.4,,,02/24/2021
55-64,513455,69835,13.6,50316,9.8,,,02/24/2021
15 or below,635940,21,0,6,0,,,04/07/2021
16-24,433573,94075,21.7,34737,8,,,04/07/2021
25-34,448029,142477,31.8,78281,17.5,,,04/07/2021
35-44,427141,166240,38.9,87990,20.6,,,04/07/2021
45-54,476905,263523,55.3,104627,21.9,,,04/07/2021
55-64,513455,368434,71.8,238200,46.4,,,04/07/2021
65-74,352819,295864,83.9,255607,72.4,,,04/07/2021
75+,277425,229220,82.6,209953,75.7,,,04/07/2021
Age unknown,,63,,48,,,,04/07/2021
15 or below,635940,4,0,1,0,,,03/17/2021
16-24,433573,29190,6.7,18030,4.2,,,03/17/2021
25-34,448029,70959,15.8,46025,10.3,,,03/17/2021
35-44,427141,79543,18.6,48352,11.3,,,03/17/2021
45-54,476905,110113,23.1,58702,12.3,,,03/17/2021
55-64,513455,280185,54.6,83577,16.3,,,03/17/2021
65-74,352819,270461,76.7,158370,44.9,,,03/17/2021
75+,277425,219246,79,187922,67.7,,,03/17/2021
Age unknown,,54,,37,,,,03/17/2021
15 or below,635940,3,0,1,0,,,03/10/2021
16-24,433573,25813,6,16944,3.9,,,03/10/2021
25-34,448029,65054,14.5,43617,9.7,,,03/10/2021
35-44,427141,72355,16.9,45710,10.7,,,03/10/2021
45-54,476905,87217,18.3,54845,11.5,,,03/10/2021
55-64,513455,215227,41.9,77771,15.1,,,03/10/2021
65-74,352819,253319,71.8,99975,28.3,,,03/10/2021
75+,277425,214298,77.2,174331,62.8,,,03/10/2021
Age unknown,,53,,35,,,,03/10/2021
15 or below,635940,1,0,,,,,02/03/2021
16-24,433573,15537,3.6,7236,1.7,,,02/03/2021
25-34,448029,40312,9,22686,5.1,,,02/03/2021
35-44,427141,41057,9.6,22617,5.3,,,02/03/2021
45-54,476905,49178,10.3,26780,5.6,,,02/03/2021
55-64,513455,55273,10.8,29349,5.7,,,02/03/2021
2-11,389173,0,0,0,0,,,10/06/2021
65-74,352819,36639,10.4,13662,3.9,,,02/03/2021
75+,277425,155343,56,18059,6.5,,,02/03/2021
Age unknown,,33,,14,,,,02/03/2021
65-74,352819,192723,54.6,32491,9.2,,,02/24/2021
75+,277425,201436,72.6,133546,48.1,,,02/24/2021
Age unknown,,40,,25,,,,02/24/2021
15 or below,635940,1,0,1,0,,,02/17/2021
16-24,433573,17352,4,12276,2.8,,,02/17/2021
25-34,448029,44289,9.9,33898,7.6,,,02/17/2021
35-44,427141,45404,10.6,34211,8,,,02/17/2021
45-54,476905,54470,11.4,41064,8.6,,,02/17/2021
55-64,513455,63393,12.3,45615,8.9,,,02/17/2021
65-74,352819,137136,38.9,27935,7.9,,,02/17/2021
75+,277425,189257,68.2,95328,34.4,,,02/17/2021
Age unknown,,36,,23,,,,02/17/2021
15 or below,635940,1,0,1,0,,,02/10/2021
16-24,433573,16503,3.8,10315,2.4,,,02/10/2021
25-34,448029,42358,9.5,29609,6.6,,,02/10/2021
35-44,427141,43408,10.2,29728,7,,,02/10/2021
45-54,476905,51941,10.9,35562,7.5,,,02/10/2021
55-64,513455,59388,11.6,39156,7.6,,,02/10/2021
<5,181710,,,,,,,04/20/2022
65-74,352819,80331,22.8,21295,6,,,02/10/2021
75+,277425,176597,63.7,49891,18,,,02/10/2021
Age unknown,,35,,18,,,,02/10/2021
12-15,176600,121654,68.9,108209,61.3,,,10/06/2021
16-24,433573,309010,71.3,274301,63.3,,,10/06/2021
25-34,448029,331967,74.1,297566,66.4,,,10/06/2021
35-44,427141,348180,81.5,318439,74.6,,,10/06/2021
45-54,476905,389785,81.7,366115,76.8,,,10/06/2021
55-64,513455,462458,90.1,439598,85.6,,,10/06/2021
65-74,352819,338021,95.8,320213,90.8,,,10/06/2021
75+,277425,252638,91.1,237186,85.5,,,10/06/2021
<2,70167,0,0,0,0,,,10/13/2021
2-11,389173,0,0,0,0,,,10/13/2021
12-15,176600,122645,69.4,109658,62.1,,,10/13/2021
16-24,433573,310755,71.7,276533,63.8,,,10/13/2021
25-34,448029,334703,74.7,300851,67.1,,,10/13/2021
35-44,427141,350217,82,321082,75.2,,,10/13/2021
45-54,476905,391258,82,367954,77.2,,,10/13/2021
55-64,513455,463770,90.3,440931,85.9,,,10/13/2021
65-74,352819,339931,96.3,320814,90.9,,,10/13/2021
75+,277425,254196,91.6,237532,85.6,,,10/13/2021
<2,70167,0,0,0,0,,,10/20/2021
2-11,389173,0,0,0,0,,,10/20/2021
12-15,176600,123461,69.9,110864,62.8,,,10/20/2021
16-24,433573,312468,72.1,278663,64.3,,,10/20/2021
25-34,448029,337418,75.3,303972,67.8,,,10/20/2021
35-44,427141,352145,82.4,323487,75.7,,,10/20/2021
45-54,476905,392610,82.3,369761,77.5,,,10/20/2021
55-64,513455,465220,90.6,442302,86.1,,,10/20/2021
65-74,352819,341607,96.8,321388,91.1,,,10/20/2021
75+,277425,255424,92.1,237835,85.7,,,10/20/2021
<2,70167,0,0,0,0,,,10/27/2021
2-11,389173,0,0,0,0,,,10/27/2021
12-15,176600,124267,70.4,112008,63.4,,,10/27/2021
16-24,433573,314116,72.4,280553,64.7,,,10/27/2021
25-34,448029,340042,75.9,306770,68.5,,,10/27/2021
35-44,427141,354187,82.9,325689,76.2,,,10/27/2021
45-54,476905,394195,82.7,371288,77.9,,,10/27/2021
55-64,513455,467023,91,443629,86.4,,,10/27/2021
65-74,352819,344492,97.6,322391,91.4,,,10/27/2021
75+,277425,257332,92.8,238661,86,,,10/27/2021
<2,70167,0,0,0,0,,,11/03/2021
2-11,389173,0,0,0,0,,,11/03/2021
12-15,176600,124909,70.7,112885,63.9,,,11/03/2021
16-24,433573,315675,72.8,282044,65.1,,,11/03/2021
25-34,448029,343208,76.6,309097,69,,,11/03/2021
35-44,427141,356737,83.5,327500,76.7,,,11/03/2021
45-54,476905,396356,83.1,372503,78.1,,,11/03/2021
55-64,513455,469721,91.5,444680,86.6,,,11/03/2021
65-74,352819,348662,98.8,322853,91.5,,,11/03/2021
75+,277425,260102,93.8,238937,86.1,,,11/03/2021
Unknown,,115,,69,,,,11/03/2021
12-15,176600,125699,71.2,113628,64.3,,,11/10/2021
16-24,433573,317403,73.2,283202,65.3,,,11/10/2021
25-34,448029,346025,77.2,310956,69.4,,,11/10/2021
35-44,427141,359325,84.1,328717,77,,,11/10/2021
45-54,476905,398415,83.5,373209,78.3,,,11/10/2021
55-64,513455,472172,92,445003,86.7,,,11/10/2021
65-74,352819,351314,99.6,322850,91.5,,,11/10/2021
75+,277425,262168,94.5,238634,86,,,11/10/2021
<5,181710,,,,,,,11/17/2021
5-11,277630,35954,13,0,0,,,11/17/2021
12-15,176600,126763,71.8,114360,64.8,,,11/17/2021
16-24,433573,319388,73.7,284692,65.7,,,11/17/2021
25-34,448029,349071,77.9,313219,69.9,,,11/17/2021
35-44,427141,362174,84.8,330599,77.4,,,11/17/2021
45-54,476905,400719,84,374651,78.6,,,11/17/2021
<5,181710,,,,,,,11/24/2021
55-64,513455,474929,92.5,446542,87,,,11/17/2021
65-74,352819,353620,100,323641,91.7,,,11/17/2021
75+,277425,263816,95.1,239303,86.3,,,11/17/2021
Unknown,,197,,110,,,,11/17/2021
5-11,277630,58783,21.2,65,0,,,11/24/2021
12-15,176600,127767,72.3,115023,65.1,,,11/24/2021
16-24,433573,321623,74.2,285926,65.9,,,11/24/2021
25-34,448029,352475,78.7,315090,70.3,,,11/24/2021
35-44,427141,365244,85.5,332086,77.7,,,11/24/2021
45-54,476905,403462,84.6,375754,78.8,,,11/24/2021
55-64,513455,478472,93.2,447521,87.2,,,11/24/2021
65-74,352819,355928,100,324096,91.9,,,11/24/2021
75+,277425,265418,95.7,239612,86.4,,,11/24/2021
Unknown,,210,,113,,,,11/24/2021
<5,181710,,,,,,,12/01/2021
5-11,277630,66889,24.1,7253,2.6,,,12/01/2021
12-15,176600,128433,72.7,115674,65.5,,,12/01/2021
16-24,433573,323822,74.7,286952,66.2,,,12/01/2021
25-34,448029,355230,79.3,316382,70.6,,,12/01/2021
35-44,427141,367615,86.1,333127,78,,,12/01/2021
45-54,476905,405686,85.1,376499,78.9,,,12/01/2021
55-64,513455,481093,93.7,448223,87.3,,,12/01/2021
65-74,352819,357248,100,324479,92,,,12/01/2021
75+,277425,266254,96,239885,86.5,,,12/01/2021
Unknown,,202,,110,,,,12/01/2021
<5,181710,,,,,,,12/08/2021
5-11,277630,73959,26.6,31912,11.5,,,12/08/2021
12-15,176600,129201,73.2,116569,66,,,12/08/2021
16-24,433573,325987,75.2,288028,66.4,,,12/08/2021
25-34,448029,358752,80.1,317922,71,,,12/08/2021
35-44,427141,370980,86.9,334397,78.3,,,12/08/2021
45-54,476905,408756,85.7,377493,79.2,,,12/08/2021
55-64,513455,484664,94.4,449190,87.5,,,12/08/2021
65-74,352819,359006,100,325023,92.1,,,12/08/2021
75+,277425,267440,96.4,240192,86.6,,,12/08/2021
Unknown,,205,,113,,,,12/08/2021
<5,181710,,,,,,,12/15/2021
5-11,277630,82453,29.7,49700,17.9,,,12/15/2021
12-15,176600,130041,73.6,117437,66.5,,,12/15/2021
16-24,433573,328875,75.9,289118,66.7,,,12/15/2021
25-34,448029,363082,81,319370,71.3,,,12/15/2021
35-44,427141,374636,87.7,335602,78.6,,,12/15/2021
45-54,476905,411978,86.4,378424,79.3,,,12/15/2021
55-64,513455,488357,95.1,450194,87.7,,,12/15/2021
65-74,352819,360704,100,325600,92.3,,,12/15/2021
75+,277425,268368,96.7,240559,86.7,,,12/15/2021
Unknown,,209,,114,,,,12/15/2021
<5,181710,,,,,,,12/22/2021
5-11,277630,89166,32.1,56969,20.5,46,0,12/22/2021
12-15,176600,130942,74.1,118077,66.9,777,0.4,12/22/2021
16-24,433573,333384,76.9,290455,67,40448,9.3,12/22/2021
25-34,448029,367581,82,320696,71.6,72018,16.1,12/22/2021
35-44,427141,378321,88.6,336643,78.8,99727,23.3,12/22/2021
45-54,476905,415085,87,379271,79.5,138687,29.1,12/22/2021
55-64,513455,491563,95.7,451019,87.8,214140,41.7,12/22/2021
65-74,352819,362176,100,325974,92.4,206773,58.6,12/22/2021
75+,277425,269227,97,240800,86.8,149565,53.9,12/22/2021
Unknown,,211,,114,,,,12/22/2021
<5,181710,,,,,,,12/29/2021
5-11,277630,94315,34,61485,22.1,67,0,12/29/2021
12-15,176600,131670,74.6,118689,67.2,1671,0.9,12/29/2021
16-24,433573,338398,78,291703,67.3,53362,12.3,12/29/2021
25-34,448029,371553,82.9,321676,71.8,80430,18,12/29/2021
35-44,427141,381081,89.2,337462,79,109082,25.5,12/29/2021
45-54,476905,417470,87.5,379904,79.7,150754,31.6,12/29/2021
55-64,513455,493781,96.2,451578,87.9,227803,44.4,12/29/2021
65-74,352819,363175,100,326271,92.5,213119,60.4,12/29/2021
75+,277425,269826,97.3,241016,86.9,154023,55.5,12/29/2021
Unknown,,212,,115,,,,12/29/2021
<5,181710,,,,,,,01/05/2022
5-11,277630,102058,36.8,69194,24.9,90,0,01/05/2022
12-15,176600,133094,75.4,119584,67.7,2724,1.5,01/05/2022
16-24,433573,343756,79.3,293291,67.6,66733,15.4,01/05/2022
25-34,448029,375906,83.9,323076,72.1,89711,20,01/05/2022
35-44,427141,384821,90.1,338573,79.3,120720,28.3,01/05/2022
45-54,476905,420617,88.2,380769,79.8,164893,34.6,01/05/2022
55-64,513455,496529,96.7,452274,88.1,243381,47.4,01/05/2022
65-74,352819,364345,100,326606,92.6,219667,62.3,01/05/2022
75+,277425,270562,97.5,241153,86.9,157711,56.8,01/05/2022
Unknown,,216,,117,,,,01/05/2022
<5,181710,,,,,,,01/12/2022
5-11,277630,108987,39.3,78394,28.2,134,0,01/12/2022
12-15,176600,134472,76.1,120570,68.3,7456,4.2,01/12/2022
16-24,433573,348693,80.4,294810,68,80550,18.6,01/12/2022
25-34,448029,380335,84.9,324581,72.4,99064,22.1,01/12/2022
35-44,427141,388389,90.9,339676,79.5,131447,30.8,01/12/2022
45-54,476905,423531,88.8,381584,80,177509,37.2,01/12/2022
55-64,513455,498928,97.2,452940,88.2,256371,49.9,01/12/2022
65-74,352819,365359,100,326927,92.7,224831,63.7,01/12/2022
75+,277425,271109,97.7,241304,87,160881,58,01/12/2022
Unknown,,224,,120,,,,01/12/2022
<5,181710,,,,,,,01/19/2022
5-11,277630,114795,41.3,84204,30.3,171,0.1,01/19/2022
12-15,176600,136224,77.1,121597,68.9,16060,9.1,01/19/2022
16-24,433573,353127,81.4,296224,68.3,92375,21.3,01/19/2022
25-34,448029,383925,85.7,325882,72.7,106704,23.8,01/19/2022
35-44,427141,391315,91.6,340739,79.8,139918,32.8,01/19/2022
45-54,476905,425848,89.3,382363,80.2,187607,39.3,01/19/2022
55-64,513455,500749,97.5,453619,88.3,266197,51.8,01/19/2022
65-74,352819,366176,100,327216,92.7,229119,64.9,01/19/2022
75+,277425,271533,97.9,241452,87,163510,58.9,01/19/2022
Unknown,,236,,126,,,,01/19/2022
<5,181710,,,,,,,01/27/2022
5-11,277630,119304,43,90697,32.7,352,0.1,01/27/2022
12-15,176600,138708,78.5,124903,70.7,23003,13,01/27/2022
16-24,433573,359159,82.8,305813,70.5,106211,24.5,01/27/2022
25-34,448029,389755,87,335851,75,119221,26.6,01/27/2022
35-44,427141,392760,92,348093,81.5,151288,35.4,01/27/2022
45-54,476905,426674,89.5,389646,81.7,200755,42.1,01/27/2022
55-64,513455,501021,97.6,462337,90,282144,55,01/27/2022
65-74,352819,366376,100,335665,95.1,241349,68.4,01/27/2022
75+,277425,270927,97.7,246750,88.9,171077,61.7,01/27/2022
Unknown,,507,,374,,,,01/27/2022
<5,181710,,,,,,,02/02/2022
5-11,277630,121824,43.9,95500,34.4,392,0.1,02/02/2022
12-15,176600,139606,79.1,125939,71.3,27187,15.4,02/02/2022
16-24,433573,361564,83.4,307313,70.9,112416,25.9,02/02/2022
25-34,448029,391758,87.4,337463,75.3,124200,27.7,02/02/2022
35-44,427141,394087,92.3,349353,81.8,156658,36.7,02/02/2022
45-54,476905,427497,89.6,390470,81.9,207018,43.4,02/02/2022
55-64,513455,501588,97.7,463038,90.2,289674,56.4,02/02/2022
65-74,352819,366553,100,336019,95.2,246232,69.8,02/02/2022
75+,277425,271128,97.7,247054,89.1,174376,62.9,02/02/2022
Unknown,,516,,381,,,,02/02/2022
<5,181710,,,,,,,02/09/2022
5-11,277630,123980,44.7,100553,36.2,449,0.2,02/09/2022
12-15,176600,140240,79.4,126923,71.9,30312,17.2,02/09/2022
16-24,433573,363491,83.8,308913,71.2,116190,26.8,02/09/2022
25-34,448029,393497,87.8,339328,75.7,128247,28.6,02/09/2022
35-44,427141,395245,92.5,350838,82.1,160945,37.7,02/09/2022
45-54,476905,428356,89.8,391479,82.1,211548,44.4,02/09/2022
55-64,513455,502145,97.8,463900,90.3,293839,57.2,02/09/2022
65-74,352819,366768,100,336485,95.4,248219,70.4,02/09/2022
75+,277425,271263,97.8,247300,89.1,175634,63.3,02/09/2022
Unknown,,509,,373,,,,02/09/2022
<5,181710,,,,,,,02/17/2022
5-11,277630,126325,45.5,104491,37.6,465,0.2,02/17/2022
12-15,176600,141027,79.9,127924,72.4,33131,18.8,02/17/2022
16-24,433573,365326,84.3,310362,71.6,119554,27.6,02/17/2022
25-34,448029,395218,88.2,340738,76.1,131932,29.4,02/17/2022
35-44,427141,396672,92.9,351912,82.4,164640,38.5,02/17/2022
45-54,476905,429715,90.1,392359,82.3,215941,45.3,02/17/2022
55-64,513455,503541,98.1,464608,90.5,298191,58.1,02/17/2022
65-74,352819,367605,100,336829,95.5,250568,71,02/17/2022
75+,277425,271842,98,247502,89.2,177299,63.9,02/17/2022
Unknown,,542,,404,,,,02/17/2022
<5,181710,,,,,,,02/23/2022
5-11,277630,128303,46.2,107284,38.6,506,0.2,02/23/2022
12-15,176600,141673,80.2,128700,72.9,35754,20.2,02/23/2022
16-24,433573,366661,84.6,311569,71.9,122179,28.2,02/23/2022
25-34,448029,396455,88.5,342004,76.3,134532,30,02/23/2022
35-44,427141,397529,93.1,352818,82.6,167345,39.2,02/23/2022
45-54,476905,430319,90.2,393053,82.4,218865,45.9,02/23/2022
55-64,513455,503966,98.2,465153,90.6,300916,58.6,02/23/2022
65-74,352819,367797,100,337031,95.5,251837,71.4,02/23/2022
75+,277425,271993,98,247660,89.3,178340,64.3,02/23/2022
Unknown,,558,,417,,,,02/23/2022
<5,181710,,,,,,,03/02/2022
5-11,277630,129769,46.7,109366,39.4,535,0.2,03/02/2022
12-15,176600,142190,80.5,129225,73.2,37400,21.2,03/02/2022
16-24,433573,367795,84.8,312470,72.1,124552,28.7,03/02/2022
25-34,448029,397583,88.7,343115,76.6,137293,30.6,03/02/2022
35-44,427141,398367,93.3,353587,82.8,170036,39.8,03/02/2022
45-54,476905,430937,90.4,393598,82.5,221496,46.4,03/02/2022
55-64,513455,504497,98.3,465628,90.7,303396,59.1,03/02/2022
65-74,352819,367978,100,337268,95.6,253014,71.7,03/02/2022
75+,277425,272088,98.1,247748,89.3,179289,64.6,03/02/2022
Unknown,,399,,309,,,,03/02/2022
<5,181710,,,,,,,03/09/2022
5-11,277630,130932,47.2,111074,40,553,0.2,03/09/2022
12-15,176600,142585,80.7,129680,73.4,38500,21.8,03/09/2022
16-24,433573,368654,85,313170,72.2,126382,29.1,03/09/2022
25-34,448029,398402,88.9,343922,76.8,139465,31.1,03/09/2022
35-44,427141,398959,93.4,354146,82.9,172163,40.3,03/09/2022
45-54,476905,431402,90.5,394083,82.6,223539,46.9,03/09/2022
55-64,513455,504797,98.3,465896,90.7,305131,59.4,03/09/2022
65-74,352819,368085,100,337403,95.6,253912,72,03/09/2022
75+,277425,272190,98.1,247828,89.3,179889,64.8,03/09/2022
Unknown,,412,,323,,,,03/09/2022
<5,181710,,,,,,,03/16/2022
5-11,277630,131876,47.5,112728,40.6,583,0.2,03/16/2022
12-15,176600,142856,80.9,130134,73.7,39492,22.4,03/16/2022
16-24,433573,369463,85.2,313880,72.4,128443,29.6,03/16/2022
25-34,448029,399294,89.1,344660,76.9,142110,31.7,03/16/2022
35-44,427141,399583,93.5,354677,83,174483,40.8,03/16/2022
45-54,476905,431780,90.5,394468,82.7,225917,47.4,03/16/2022
55-64,513455,505120,98.4,466160,90.8,307286,59.8,03/16/2022
65-74,352819,368250,100,337582,95.7,254791,72.2,03/16/2022
75+,277425,272228,98.1,247917,89.4,180545,65.1,03/16/2022
Unknown,,421,,330,,,,03/16/2022
<5,181710,,,,,,,03/23/2022
5-11,277630,132567,47.7,114126,41.1,600,0.2,03/23/2022
12-15,176600,143126,81,130477,73.9,40479,22.9,03/23/2022
16-24,433573,369948,85.3,314448,72.5,130000,30,03/23/2022
25-34,448029,399898,89.3,345272,77.1,144179,32.2,03/23/2022
35-44,427141,399957,93.6,355083,83.1,176359,41.3,03/23/2022
45-54,476905,432080,90.6,394776,82.8,227635,47.7,03/23/2022
55-64,513455,505315,98.4,466391,90.8,308868,60.2,03/23/2022
65-74,352819,368208,100,337686,95.7,255560,72.4,03/23/2022
75+,277425,272204,98.1,247994,89.4,181196,65.3,03/23/2022
Unknown,,428,,337,,,,03/23/2022
<5,181710,,,,,,,03/30/2022
5-11,277630,133340,48,115452,41.6,627,0.2,03/30/2022
12-15,176600,143416,81.2,130886,74.1,41354,23.4,03/30/2022
16-24,433573,370567,85.5,315053,72.7,131733,30.4,03/30/2022
25-34,448029,400629,89.4,345945,77.2,146920,32.8,03/30/2022
35-44,427141,400421,93.7,355587,83.2,178563,41.8,03/30/2022
45-54,476905,432342,90.7,395133,82.9,229626,48.1,03/30/2022
55-64,513455,505477,98.4,466666,90.9,310474,60.5,03/30/2022
65-74,352819,368267,100,337837,95.8,256230,72.6,03/30/2022
75+,277425,272267,98.1,248140,89.4,181649,65.5,03/30/2022
Unknown,,430,,341,,,,03/30/2022
5-11,277630,133898,48.2,116303,41.9,647,0.2,04/06/2022
12-15,176600,143623,81.3,131125,74.2,42070,23.8,04/06/2022
16-24,433573,371007,85.6,315494,72.8,133038,30.7,04/06/2022
25-34,448029,401139,89.5,346466,77.3,148885,33.2,04/06/2022
35-44,427141,400785,93.8,355963,83.3,180188,42.2,04/06/2022
45-54,476905,432553,90.7,395530,82.9,231257,48.5,04/06/2022
55-64,513455,505712,98.5,467243,91,312120,60.8,04/06/2022
65-74,352819,368635,100,338593,96,257429,73,04/06/2022
75+,277425,272504,98.2,248655,89.6,182494,65.8,04/06/2022
Unknown,,434,,347,,,,04/06/2022
5-11,277630,134391,48.4,117032,42.2,401,0.1,04/13/2022
12-15,176600,143789,81.4,131321,74.4,42507,24.1,04/13/2022
16-24,433573,371399,85.7,315883,72.9,133935,30.9,04/13/2022
25-34,448029,401693,89.7,346922,77.4,149876,33.5,04/13/2022
35-44,427141,400998,93.9,356226,83.4,181012,42.4,04/13/2022
45-54,476905,432741,90.7,395843,83,232256,48.7,04/13/2022
55-64,513455,505965,98.5,467777,91.1,313582,61.1,04/13/2022
65-74,352819,369066,100,339470,96.2,258591,73.3,04/13/2022
75+,277425,272842,98.3,249152,89.8,183378,66.1,04/13/2022
Unknown,,447,,361,,,,04/13/2022
5-11,277630,134883,48.6,117647,42.4,410,0.1,04/20/2022
12-15,176600,143951,81.5,131527,74.5,43081,24.4,04/20/2022
16-24,433573,371805,85.8,316245,72.9,134697,31.1,04/20/2022
25-34,448029,402126,89.8,347325,77.5,150795,33.7,04/20/2022
35-44,427141,401292,93.9,356502,83.5,181782,42.6,04/20/2022
45-54,476905,432915,90.8,396130,83.1,233148,48.9,04/20/2022
55-64,513455,506220,98.6,468254,91.2,314783,61.3,04/20/2022
65-74,352819,369427,100,340112,96.4,259623,73.6,04/20/2022
75+,277425,273151,98.5,249632,90,184127,66.4,04/20/2022
Unknown,,444,,357,,,,04/20/2022
<5,181710,,,,,,,04/27/2022
5-11,277630,135365,48.8,118378,42.6,325,0.1,04/27/2022
12-15,176600,144143,81.6,131730,74.6,43522,24.6,04/27/2022
16-24,433573,372174,85.8,316549,73,135482,31.2,04/27/2022
25-34,448029,402565,89.9,347636,77.6,151617,33.8,04/27/2022
35-44,427141,401566,94,356736,83.5,182484,42.7,04/27/2022
45-54,476905,433163,90.8,396425,83.1,233986,49.1,04/27/2022
55-64,513455,506525,98.7,468737,91.3,315916,61.5,04/27/2022
65-74,352819,369739,100,340662,96.6,260508,73.8,04/27/2022
75+,277425,273461,98.6,250112,90.2,184920,66.7,04/27/2022
Unknown,,444,,359,,,,04/27/2022
<5,181710,,,,,,,05/04/2022
5-11,277630,135817,48.9,118910,42.8,377,0.1,05/04/2022
12-15,176600,144278,81.7,131916,74.7,43908,24.9,05/04/2022
16-24,433573,372533,85.9,316884,73.1,136147,31.4,05/04/2022
25-34,448029,402870,89.9,348096,77.7,152470,34,05/04/2022
35-44,427141,401208,93.9,357382,83.7,183410,42.9,05/04/2022
45-54,476905,432960,90.8,396874,83.2,235007,49.3,05/04/2022
55-64,513455,506550,98.7,469310,91.4,317172,61.8,05/04/2022
65-74,352819,369944,100,341278,96.7,261467,74.1,05/04/2022
75+,277425,273724,98.7,250550,90.3,185599,66.9,05/04/2022
Unknown,,449,,363,,,,05/04/2022
<5,181710,,,,,,,05/11/2022
5-11,277630,136261,49.1,119380,43,469,0.2,05/11/2022
12-15,176600,144393,81.8,132108,74.8,44318,25.1,05/11/2022
16-24,433573,372400,85.9,317495,73.2,136898,31.6,05/11/2022
25-34,448029,402668,89.9,348806,77.9,153337,34.2,05/11/2022
35-44,427141,400762,93.8,357960,83.8,184369,43.2,05/11/2022
45-54,476905,432897,90.8,397233,83.3,235902,49.5,05/11/2022
55-64,513455,506734,98.7,469834,91.5,318327,62,05/11/2022
65-74,352819,370318,100,341836,96.9,262300,74.3,05/11/2022
75+,277425,274060,98.8,251024,90.5,186360,67.2,05/11/2022
Unknown,,455,,370,,,,05/11/2022
<5,181710,,,,,,,05/18/2022
5-11,277630,136388,49.1,120164,43.3,584,0.2,05/18/2022
12-15,176600,144465,81.8,132321,74.9,44814,25.4,05/18/2022
16-24,433573,372392,85.9,317970,73.3,137787,31.8,05/18/2022
25-34,448029,402596,89.9,349329,78,154238,34.4,05/18/2022
35-44,427141,400842,93.8,358182,83.9,185107,43.3,05/18/2022
45-54,476905,432975,90.8,397509,83.4,236761,49.6,05/18/2022
55-64,513455,506797,98.7,470200,91.6,319550,62.2,05/18/2022
65-74,352819,370389,100,342220,97,263235,74.6,05/18/2022
75+,277425,274331,98.9,251421,90.6,187063,67.4,05/18/2022
Unknown,,457,,370,,,,05/18/2022
<5,181710,,,,,,,05/25/2022
5-11,277630,136919,49.3,120770,43.5,1420,0.5,05/25/2022
12-15,176600,144827,82,132962,75.3,45634,25.8,05/25/2022
16-24,433573,372469,85.9,318481,73.5,138879,32,05/25/2022
25-34,448029,402787,89.9,349714,78.1,155251,34.7,05/25/2022
35-44,427141,400787,93.8,358424,83.9,186043,43.6,05/25/2022
45-54,476905,432739,90.7,397734,83.4,237939,49.9,05/25/2022
55-64,513455,506334,98.6,470416,91.6,321167,62.6,05/25/2022
65-74,352819,370294,100,342632,97.1,264333,74.9,05/25/2022
75+,277425,274362,98.9,251742,90.7,187879,67.7,05/25/2022
Unknown,,470,,381,,,,05/25/2022
0-4,183070,,,,,,,06/01/2022
5-9,197078,93486,47.4,82264,41.7,1696,0.9,06/01/2022
10-14,214123,153063,71.5,139552,65.2,34801,16.3,06/01/2022
15-24,482051,408317,84.7,351432,72.9,152048,31.5,06/01/2022
25-34,455862,402795,88.4,350087,76.8,156123,34.2,06/01/2022
35-44,437481,400588,91.6,358708,82,186842,42.7,06/01/2022
45-54,466073,432355,92.8,397875,85.4,238937,51.3,06/01/2022
55-64,518115,505812,97.6,470574,90.8,322276,62.2,06/01/2022
65-74,367270,369952,100,342751,93.3,265153,72.2,06/01/2022
75+,284821,274099,96.2,251837,88.4,188493,66.2,06/01/2022
Unknown,,493,,394,,,,06/01/2022
0-4,183070,,,,,,,06/08/2022
5-9,197078,93800,47.6,82726,42,2651,1.3,06/08/2022
10-14,214123,153153,71.5,139851,65.3,35744,16.7,06/08/2022
15-24,482051,408353,84.7,351906,73,153227,31.8,06/08/2022
25-34,455862,402738,88.3,350456,76.9,157011,34.4,06/08/2022
35-44,437481,400382,91.5,358934,82,187751,42.9,06/08/2022
45-54,466073,432069,92.7,398018,85.4,239947,51.5,06/08/2022
55-64,518115,505345,97.5,470654,90.8,323497,62.4,06/08/2022
65-74,367270,369612,100,342846,93.3,265977,72.4,06/08/2022
75+,284821,273993,96.2,251926,88.5,189166,66.4,06/08/2022
Unknown,,501,,404,,,,06/08/2022
0-4,183070,,,,,,,06/15/2022
5-9,197078,94028,47.7,83064,42.1,3238,1.6,06/15/2022
10-14,214123,153325,71.6,140111,65.4,36386,17,06/15/2022
15-24,482051,408544,84.8,352220,73.1,154006,31.9,06/15/2022
25-34,455862,402590,88.3,350461,76.9,157395,34.5,06/15/2022
35-44,437481,399763,91.4,358530,82,187834,42.9,06/15/2022
45-54,466073,431664,92.6,397871,85.4,240405,51.6,06/15/2022
55-64,518115,505038,97.5,470613,90.8,324080,62.5,06/15/2022
65-74,367270,369293,100,342768,93.3,266284,72.5,06/15/2022
75+,284821,273921,96.2,251924,88.4,189489,66.5,06/15/2022
Unknown,,510,,414,,,,06/15/2022
0-4,183070,,,,,,,06/22/2022
5-9,197078,94436,47.9,83784,42.5,4285,2.2,06/22/2022
10-14,214123,153622,71.7,140620,65.7,37562,17.5,06/22/2022
15-24,482051,409039,84.9,352770,73.2,155344,32.2,06/22/2022
25-34,455862,402679,88.3,350652,76.9,158037,34.7,06/22/2022
35-44,437481,399704,91.4,358649,82,188436,43.1,06/22/2022
45-54,466073,431582,92.6,398046,85.4,241213,51.8,06/22/2022
55-64,518115,504874,97.4,470823,90.9,324980,62.7,06/22/2022
65-74,367270,369348,100,342966,93.4,266815,72.6,06/22/2022
75+,284821,274022,96.2,252076,88.5,189933,66.7,06/22/2022
Unknown,,786,,435,,,,06/22/2022
0-4,183070,2811,1.5,0,0,,,06/29/2022
5-9,197078,94783,48.1,84150,42.7,5167,2.6,06/29/2022
10-14,214123,153878,71.9,140845,65.8,38409,17.9,06/29/2022
15-24,482051,409453,84.9,353084,73.2,156333,32.4,06/29/2022
25-34,455862,402939,88.4,350883,77,158429,34.8,06/29/2022
35-44,437481,399903,91.4,358784,82,188785,43.2,06/29/2022
45-54,466073,431800,92.6,398243,85.4,241659,51.9,06/29/2022
55-64,518115,505038,97.5,471019,90.9,325495,62.8,06/29/2022
65-74,367270,369518,100,343157,93.4,267162,72.7,06/29/2022
75+,284821,274207,96.3,252233,88.6,190352,66.8,06/29/2022
Unknown,,538,,444,,,,06/29/2022
0-4,183070,4797,2.6,0,0,,,07/06/2022
5-9,197078,95082,48.2,84395,42.8,5701,2.9,07/06/2022
10-14,214123,153998,71.9,141015,65.9,39006,18.2,07/06/2022
15-24,482051,407053,84.4,351804,73,156842,32.5,07/06/2022
25-34,455862,402053,88.2,350524,76.9,158618,34.8,07/06/2022
35-44,437481,399336,91.3,358621,82,188962,43.2,07/06/2022
45-54,466073,431376,92.6,398040,85.4,241926,51.9,07/06/2022
55-64,518115,504616,97.4,470848,90.9,325838,62.9,07/06/2022
65-74,367270,369194,100,343062,93.4,267384,72.8,07/06/2022
75+,284821,273968,96.2,252126,88.5,190537,66.9,07/06/2022
Unknown,,537,,446,,,,07/06/2022
0-4,183070,7065,3.9,48,0,,,07/14/2022
5-9,197078,95513,48.5,84725,43,6387,3.2,07/14/2022
10-14,214123,154235,72,141253,66,39788,18.6,07/14/2022
15-24,482051,407455,84.5,352166,73.1,157716,32.7,07/14/2022
25-34,455862,402338,88.3,350748,76.9,158996,34.9,07/14/2022
35-44,437481,399538,91.3,358827,82,189385,43.3,07/14/2022
45-54,466073,431563,92.6,398195,85.4,242340,52,07/14/2022
55-64,518115,504861,97.4,471061,90.9,326378,63,07/14/2022
65-74,367270,369423,100,343242,93.5,267722,72.9,07/14/2022
75+,284821,274241,96.3,252286,88.6,190993,67.1,07/14/2022
Unknown,,550,,459,,,,07/14/2022
0-4,183070,8992,4.9,941,0.5,,,07/20/2022
5-9,197078,95852,48.6,84996,43.1,7056,3.6,07/20/2022
10-14,214123,154300,72.1,141348,66,40540,18.9,07/20/2022
15-24,482051,406346,84.3,351584,72.9,158220,32.8,07/20/2022
25-34,455862,400680,87.9,349567,76.7,158898,34.9,07/20/2022
35-44,437481,398270,91,357903,81.8,189358,43.3,07/20/2022
45-54,466073,430065,92.3,397137,85.2,242423,52,07/20/2022
55-64,518115,502857,97.1,469573,90.6,326344,63,07/20/2022
65-74,367270,368344,100,342586,93.3,267776,72.9,07/20/2022
75+,284821,273545,96,251768,88.4,191088,67.1,07/20/2022
Unknown,,557,,466,,,,07/20/2022
0-4,183070,10668,5.8,913,0.5,,,07/27/2022
5-9,197078,96304,48.9,85428,43.3,7777,3.9,07/27/2022
10-14,214123,154573,72.2,141677,66.2,41248,19.3,07/27/2022
15-24,482051,407347,84.5,352930,73.2,160552,33.3,07/27/2022
25-34,455862,401865,88.2,350761,76.9,160145,35.1,07/27/2022
35-44,437481,398885,91.2,358716,82,190484,43.5,07/27/2022
45-54,466073,430596,92.4,397858,85.4,243673,52.3,07/27/2022
55-64,518115,503271,97.1,470230,90.8,327922,63.3,07/27/2022
65-74,367270,368532,100,342979,93.4,268805,73.2,07/27/2022
75+,284821,273671,96.1,252004,88.5,191669,67.3,07/27/2022
Unknown,,565,,473,,,,07/27/2022
0-4,183070,11981,6.5,1564,0.9,0,0,08/03/2022
5-9,197078,96687,49.1,85770,43.5,8351,4.2,08/03/2022
10-14,214123,154806,72.3,141872,66.3,41808,19.5,08/03/2022
15-24,482051,407613,84.6,353219,73.3,161427,33.5,08/03/2022
25-34,455862,401944,88.2,350869,77,160610,35.2,08/03/2022
35-44,437481,398884,91.2,358802,82,190963,43.7,08/03/2022
45-54,466073,430487,92.4,397924,85.4,244175,52.4,08/03/2022
55-64,518115,503165,97.1,470333,90.8,328493,63.4,08/03/2022
65-74,367270,368429,100,343075,93.4,269149,73.3,08/03/2022
75+,284821,273738,96.1,252068,88.5,191906,67.4,08/03/2022
Unknown,,575,,483,,,,08/03/2022
0-4,183070,13306,7.3,2373,1.3,5,0,08/10/2022
5-9,197078,97174,49.3,86135,43.7,9035,4.6,08/10/2022
10-14,214123,155025,72.4,142072,66.4,42417,19.8,08/10/2022
15-24,482051,407909,84.6,353517,73.3,162311,33.7,08/10/2022
25-34,455862,402019,88.2,350986,77,161043,35.3,08/10/2022
35-44,437481,398809,91.2,358909,82,191412,43.8,08/10/2022
45-54,466073,430392,92.3,397967,85.4,244633,52.5,08/10/2022
55-64,518115,503064,97.1,470401,90.8,328960,63.5,08/10/2022
65-74,367270,368383,100,343138,93.4,269437,73.4,08/10/2022
75+,284821,273766,96.1,252147,88.5,192112,67.5,08/10/2022
Unknown,,583,,490,,,,08/10/2022
0-4,183070,14506,7.9,3190,1.7,8,0,08/17/2022
5-9,197078,97561,49.5,86497,43.9,9860,5,08/17/2022
10-14,214123,155234,72.5,142269,66.4,43014,20.1,08/17/2022
15-24,482051,408115,84.7,353791,73.4,163220,33.9,08/17/2022
25-34,455862,402062,88.2,351087,77,161497,35.4,08/17/2022
35-44,437481,398732,91.1,358965,82.1,191912,43.9,08/17/2022
45-54,466073,430271,92.3,398011,85.4,245054,52.6,08/17/2022
55-64,518115,502945,97.1,470411,90.8,329447,63.6,08/17/2022
65-74,367270,368302,100,343193,93.4,269751,73.4,08/17/2022
75+,284821,273767,96.1,252197,88.5,192313,67.5,08/17/2022
Unknown,,587,,495,,,,08/17/2022
0-4,183070,15652,8.5,3845,2.1,8,0,08/24/2022
5-9,197078,98033,49.7,86892,44.1,10872,5.5,08/24/2022
10-14,214123,155457,72.6,142512,66.6,43823,20.5,08/24/2022
15-24,482051,408430,84.7,354106,73.5,164033,34,08/24/2022
25-34,455862,402235,88.2,351296,77.1,161927,35.5,08/24/2022
35-44,437481,398801,91.2,359123,82.1,192380,44,08/24/2022
45-54,466073,430255,92.3,398083,85.4,245552,52.7,08/24/2022
55-64,518115,502878,97.1,470509,90.8,329961,63.7,08/24/2022
65-74,367270,368282,100,343249,93.5,270073,73.5,08/24/2022
75+,284821,273822,96.1,252282,88.6,192549,67.6,08/24/2022
Unknown,,596,,505,,,,08/24/2022
0-4,183070,16787,9.2,4400,2.4,9,0,08/31/2022
5-9,197078,98474,50,87286,44.3,11782,6,08/31/2022
10-14,214123,155730,72.7,142723,66.7,44491,20.8,08/31/2022
15-24,482051,408825,84.8,354359,73.5,164682,34.2,08/31/2022
25-34,455862,402359,88.3,351417,77.1,162212,35.6,08/31/2022
35-44,437481,398837,91.2,359221,82.1,192695,44,08/31/2022
45-54,466073,430233,92.3,398161,85.4,245880,52.8,08/31/2022
55-64,518115,502834,97.1,470560,90.8,330280,63.7,08/31/2022
65-74,367270,368281,100,343307,93.5,270267,73.6,08/31/2022
75+,284821,273846,96.1,252342,88.6,192697,67.7,08/31/2022
Unknown,,604,,516,,,,08/31/2022
0-4,183070,17412,9.5,4823,2.6,11,0,09/07/2022
5-9,197078,98630,50,87502,44.4,12031,6.1,09/07/2022
10-14,214123,155836,72.8,142852,66.7,44610,20.8,09/07/2022
15-24,482051,408915,84.8,354468,73.5,164817,34.2,09/07/2022
25-34,455862,402349,88.3,351492,77.1,162363,35.6,09/07/2022
35-44,437481,398811,91.2,359265,82.1,192847,44.1,09/07/2022
45-54,466073,430119,92.3,398171,85.4,246076,52.8,09/07/2022
55-64,518115,502660,97,470522,90.8,330531,63.8,09/07/2022
65-74,367270,368206,100,343303,93.5,270418,73.6,09/07/2022
75+,284821,273802,96.1,252353,88.6,192797,67.7,09/07/2022
Unknown,,609,,522,,,,09/07/2022
0-4,183070,18128,9.9,5862,3.2,11,0,09/14/2022
5-9,197078,98906,50.2,87860,44.6,12484,6.3,09/14/2022
10-14,214123,155978,72.8,143038,66.8,44771,20.9,09/14/2022
15-24,482051,409075,84.9,354640,73.6,164908,34.2,09/14/2022
25-34,455862,402344,88.3,351590,77.1,162503,35.6,09/14/2022
35-44,437481,398693,91.1,359320,82.1,193050,44.1,09/14/2022
45-54,466073,429944,92.2,398209,85.4,246281,52.8,09/14/2022
55-64,518115,502452,97,470503,90.8,330757,63.8,09/14/2022
65-74,367270,368043,100,343278,93.5,270582,73.7,09/14/2022
75+,284821,273729,96.1,252387,88.6,192975,67.8,09/14/2022
Unknown,,614,,527,,,,09/14/2022
0-4,183070,18817,10.3,6977,3.8,26,0,09/21/2022
5-9,197078,99153,50.3,88191,44.7,12943,6.6,09/21/2022
10-14,214123,156147,72.9,143199,66.9,44889,21,09/21/2022
15-24,482051,409134,84.9,354785,73.6,165031,34.2,09/21/2022
25-34,455862,402262,88.2,351669,77.1,162641,35.7,09/21/2022
35-44,437481,398589,91.1,359384,82.1,193256,44.2,09/21/2022
45-54,466073,429810,92.2,398243,85.4,246481,52.9,09/21/2022
55-64,518115,502253,96.9,470487,90.8,330978,63.9,09/21/2022
65-74,367270,367924,100,343249,93.5,270746,73.7,09/21/2022
75+,284821,273681,96.1,252383,88.6,193056,67.8,09/21/2022
Unknown,,625,,537,,,,09/21/2022
0-4,183070,19377,10.6,8131,4.4,36,0,09/28/2022
5-9,197078,99373,50.4,88433,44.9,13355,6.8,09/28/2022
10-14,214123,156190,72.9,143315,66.9,45003,21,09/28/2022
15-24,482051,409167,84.9,354925,73.6,165133,34.3,09/28/2022
25-34,455862,402244,88.2,351718,77.2,162670,35.7,09/28/2022
35-44,437481,398540,91.1,359450,82.2,193356,44.2,09/28/2022
45-54,466073,429721,92.2,398243,85.4,246592,52.9,09/28/2022
55-64,518115,502163,96.9,470494,90.8,331077,63.9,09/28/2022
65-74,367270,367821,100,343253,93.5,270856,73.7,09/28/2022
75+,284821,273586,96.1,252389,88.6,193146,67.8,09/28/2022
Unknown,,628,,541,,,,09/28/2022
10-14,214123,156224,73,143411,67,45109,21.1,10/05/2022
15-24,482051,409098,84.9,355018,73.6,165250,34.3,10/05/2022
25-34,455862,402075,88.2,351729,77.2,162778,35.7,10/05/2022
35-44,437481,398416,91.1,359525,82.2,193582,44.2,10/05/2022
45-54,466073,429516,92.2,398220,85.4,246767,52.9,10/05/2022
55-64,518115,501986,96.9,470489,90.8,331303,63.9,10/05/2022
65-74,367270,367685,100,343252,93.5,271020,73.8,10/05/2022
75+,284821,273495,96,252383,88.6,193404,67.9,10/05/2022
Unknown,,639,,553,,,,10/05/2022
0-4,183070,19952,10.9,9096,5,47,0,10/05/2022
5-9,197078,99532,50.5,88644,45,13661,6.9,10/05/2022
0-4,183070,20475,11.2,9897,5.4,58,0,10/12/2022
5-9,197078,99713,50.6,88851,45.1,14010,7.1,10/12/2022
10-14,214123,156310,73,143564,67,45214,21.1,10/12/2022
15-24,482051,409094,84.9,355113,73.7,165302,34.3,10/12/2022
25-34,455862,401941,88.2,351753,77.2,162826,35.7,10/12/2022
35-44,437481,398330,91.1,359579,82.2,193735,44.3,10/12/2022
45-54,466073,429411,92.1,398265,85.5,246938,53,10/12/2022
55-64,518115,501790,96.8,470473,90.8,331447,64,10/12/2022
65-74,367270,367523,100,343249,93.5,271207,73.8,10/12/2022
75+,284821,273314,96,252375,88.6,193496,67.9,10/12/2022
Unknown,,654,,568,,,,10/12/2022
0-4,183070,21069,11.5,10675,5.8,67,0,10/19/2022
5-9,197078,99948,50.7,89098,45.2,14107,7.2,10/19/2022
10-14,214123,156382,73,143680,67.1,45300,21.2,10/19/2022
15-24,482051,409098,84.9,355190,73.7,165373,34.3,10/19/2022
25-34,455862,401865,88.2,351821,77.2,162907,35.7,10/19/2022
35-44,437481,398307,91,359652,82.2,193896,44.3,10/19/2022
45-54,466073,429248,92.1,398259,85.4,247147,53,10/19/2022
55-64,518115,501580,96.8,470468,90.8,331699,64,10/19/2022
65-74,367270,367289,100,343199,93.4,271407,73.9,10/19/2022
75+,284821,273258,95.9,252370,88.6,193647,68,10/19/2022
Unknown,,658,,573,,,,10/19/2022
0-4,183070,21510,11.7,11254,6.1,78,0,10/26/2022
5-9,197078,100150,50.8,89278,45.3,14152,7.2,10/26/2022
10-14,214123,156473,73.1,143817,67.2,45334,21.2,10/26/2022
15-24,482051,409054,84.9,355259,73.7,165438,34.3,10/26/2022
25-34,455862,401782,88.1,351797,77.2,162929,35.7,10/26/2022
35-44,437481,398192,91,359687,82.2,194019,44.3,10/26/2022
45-54,466073,429118,92.1,398251,85.4,247270,53.1,10/26/2022
55-64,518115,501322,96.8,470380,90.8,331896,64.1,10/26/2022
65-74,367270,367123,100,343164,93.4,271526,73.9,10/26/2022
75+,284821,273153,95.9,252353,88.6,193736,68,10/26/2022
Unknown,,660,,573,,,,10/26/2022
0-4,183070,22097,12.1,12072,6.6,88,0,11/03/2022
5-9,197078,100389,50.9,89520,45.4,14196,7.2,11/03/2022
10-14,214123,156563,73.1,143938,67.2,45398,21.2,11/03/2022
15-24,482051,409126,84.9,355359,73.7,165493,34.3,11/03/2022
25-34,455862,401758,88.1,351861,77.2,163026,35.8,11/03/2022
35-44,437481,398240,91,359807,82.2,194180,44.4,11/03/2022
45-54,466073,429123,92.1,398338,85.5,247454,53.1,11/03/2022
55-64,518115,501217,96.7,470429,90.8,332122,64.1,11/03/2022
65-74,367270,367016,99.9,343186,93.4,271693,74,11/03/2022
75+,284821,273154,95.9,252358,88.6,193915,68.1,11/03/2022
Unknown,,666,,580,,,,11/03/2022
0-4,183070,22435,12.3,12598,6.9,90,0,11/09/2022
5-9,197078,100514,51,89651,45.5,14230,7.2,11/09/2022
10-14,214123,156628,73.1,144021,67.3,45423,21.2,11/09/2022
15-24,482051,409147,84.9,355442,73.7,165589,34.4,11/09/2022
25-34,455862,401765,88.1,351938,77.2,163132,35.8,11/09/2022
35-44,437481,398096,91,359818,82.2,194332,44.4,11/09/2022
45-54,466073,429048,92.1,398371,85.5,247588,53.1,11/09/2022
55-64,518115,501123,96.7,470453,90.8,332245,64.1,11/09/2022
65-74,367270,366960,99.9,343207,93.4,271812,74,11/09/2022
75+,284821,273105,95.9,252362,88.6,193956,68.1,11/09/2022
Unknown,,671,,585,,,,11/09/2022
0-4,183070,23014,12.6,13324,7.3,98,0.1,11/16/2022
5-9,197078,100684,51.1,89826,45.6,14309,7.3,11/16/2022
10-14,214123,156680,73.2,144114,67.3,45483,21.2,11/16/2022
15-24,482051,409147,84.9,355534,73.8,165696,34.4,11/16/2022
25-34,455862,401588,88.1,351959,77.2,163301,35.8,11/16/2022
35-44,437481,397929,91,359850,82.3,194529,44.5,11/16/2022
45-54,466073,428897,92,398373,85.5,247745,53.2,11/16/2022
55-64,518115,500925,96.7,470422,90.8,332445,64.2,11/16/2022
65-74,367270,366790,99.9,343215,93.5,271992,74.1,11/16/2022
75+,284821,272933,95.8,252332,88.6,194079,68.1,11/16/2022
Unknown,,668,,582,,,,11/16/2022
0-4,183070,23362,12.8,13770,7.5,101,0.1,11/22/2022
5-9,197078,100792,51.1,89960,45.6,14362,7.3,11/22/2022
10-14,214123,156671,73.2,144179,67.3,45523,21.3,11/22/2022
15-24,482051,409017,84.8,355563,73.8,165775,34.4,11/22/2022
25-34,455862,401395,88.1,352004,77.2,163457,35.9,11/22/2022
35-44,437481,397680,90.9,359880,82.3,194778,44.5,11/22/2022
45-54,466073,428621,92,398357,85.5,247971,53.2,11/22/2022
55-64,518115,500636,96.6,470343,90.8,332618,64.2,11/22/2022
65-74,367270,366593,99.8,343160,93.4,272138,74.1,11/22/2022
75+,284821,272782,95.8,252306,88.6,194175,68.2,11/22/2022
Unknown,,671,,584,,,,11/22/2022
0-4,183070,23597,12.9,14191,7.8,101,0.1,11/30/2022
5-9,197078,100830,51.2,90074,45.7,14387,7.3,11/30/2022
10-14,214123,156604,73.1,144214,67.4,45582,21.3,11/30/2022
15-24,482051,408874,84.8,355584,73.8,165862,34.4,11/30/2022
25-34,455862,401091,88,352054,77.2,163702,35.9,11/30/2022
35-44,437481,397317,90.8,359855,82.3,195062,44.6,11/30/2022
45-54,466073,428281,91.9,398328,85.5,248198,53.3,11/30/2022
55-64,518115,500230,96.5,470245,90.8,332888,64.2,11/30/2022
65-74,367270,366315,99.7,343104,93.4,272310,74.1,11/30/2022
75+,284821,272558,95.7,252274,88.6,194315,68.2,11/30/2022
Unknown,,675,,588,,,,11/30/2022
0-4,183070,23868,13,14616,8,114,0.1,12/07/2022
5-9,197078,100881,51.2,90221,45.8,14431,7.3,12/07/2022
10-14,214123,156578,73.1,144261,67.4,45625,21.3,12/07/2022
15-24,482051,408792,84.8,355682,73.8,166246,34.5,12/07/2022
25-34,455862,400704,87.9,352126,77.2,164451,36.1,12/07/2022
35-44,437481,396803,90.7,359858,82.3,195791,44.8,12/07/2022
45-54,466073,427757,91.8,398286,85.5,248921,53.4,12/07/2022
55-64,518115,499708,96.4,470156,90.7,333567,64.4,12/07/2022
65-74,367270,366007,99.7,343045,93.4,272626,74.2,12/07/2022
75+,284821,272390,95.6,252251,88.6,194486,68.3,12/07/2022
Unknown,,680,,593,,,,12/07/2022
0-4,183070,24158,13.2,14995,8.2,118,0.1,12/14/2022
5-9,197078,100946,51.2,90353,45.8,14448,7.3,12/14/2022
10-14,214123,156558,73.1,144314,67.4,45641,21.3,12/14/2022
15-24,482051,408564,84.8,355678,73.8,166436,34.5,12/14/2022
25-34,455862,400305,87.8,352145,77.2,164793,36.1,12/14/2022
35-44,437481,396345,90.6,359876,82.3,196232,44.9,12/14/2022
45-54,466073,427254,91.7,398244,85.4,249345,53.5,12/14/2022
55-64,518115,499300,96.4,470117,90.7,333890,64.4,12/14/2022
65-74,367270,365809,99.6,343021,93.4,272793,74.3,12/14/2022
75+,284821,272272,95.6,252242,88.6,194611,68.3,12/14/2022
Unknown,,686,,598,,,,12/14/2022
0-4,183070,24481,13.4,15306,8.4,118,0.1,12/21/2022
5-9,197078,100969,51.2,90493,45.9,14486,7.4,12/21/2022
10-14,214123,156532,73.1,144388,67.4,45716,21.4,12/21/2022
15-24,482051,408252,84.7,355742,73.8,166738,34.6,12/21/2022
25-34,455862,399875,87.7,352147,77.2,165190,36.2,12/21/2022
35-44,437481,395779,90.5,359875,82.3,196750,45,12/21/2022
45-54,466073,426773,91.6,398246,85.4,249822,53.6,12/21/2022
55-64,518115,498862,96.3,470103,90.7,334262,64.5,12/21/2022
65-74,367270,365646,99.6,343025,93.4,272892,74.3,12/21/2022
75+,284821,272137,95.5,252239,88.6,194706,68.4,12/21/2022
Unknown,,694,,603,,,,12/21/2022
0-4,183070,24687,13.5,15486,8.5,122,0.1,12/28/2022
5-9,197078,100990,51.2,90591,46,14505,7.4,12/28/2022
10-14,214123,156471,73.1,144436,67.5,45796,21.4,12/28/2022
15-24,482051,408019,84.6,355739,73.8,166928,34.6,12/28/2022
25-34,455862,399412,87.6,352120,77.2,165515,36.3,12/28/2022
35-44,437481,395322,90.4,359843,82.3,197058,45,12/28/2022
45-54,466073,426301,91.5,398185,85.4,250120,53.7,12/28/2022
55-64,518115,498470,96.2,470054,90.7,334477,64.6,12/28/2022
65-74,367270,365394,99.5,343010,93.4,273014,74.3,12/28/2022
75+,284821,271931,95.5,252203,88.5,194758,68.4,12/28/2022
Unknown,,697,,608,,,,12/28/2022
0-4,183070,24878,13.6,15629,8.5,123,0.1,01/04/2023
5-9,197078,100990,51.2,90661,46,14523,7.4,01/04/2023
10-14,214123,156425,73.1,144479,67.5,45854,21.4,01/04/2023
15-24,482051,407889,84.6,355776,73.8,167022,34.6,01/04/2023
25-34,455862,399204,87.6,352136,77.2,165685,36.3,01/04/2023
35-44,437481,395026,90.3,359846,82.3,197310,45.1,01/04/2023
45-54,466073,425992,91.4,398173,85.4,250301,53.7,01/04/2023
55-64,518115,498115,96.1,470018,90.7,334630,64.6,01/04/2023
65-74,367270,365072,99.4,343011,93.4,273125,74.4,01/04/2023
75+,284821,271646,95.4,252205,88.5,194837,68.4,01/04/2023
Unknown,,704,,616,,,,01/04/2023
0-4,183070,25205,13.8,15874,8.7,127,0.1,01/12/2023
5-9,197078,101081,51.3,90827,46.1,14552,7.4,01/12/2023
10-14,214123,156431,73.1,144550,67.5,45910,21.4,01/12/2023
15-24,482051,407859,84.6,355868,73.8,167129,34.7,01/12/2023
25-34,455862,399167,87.6,352225,77.3,165837,36.4,01/12/2023
35-44,437481,394892,90.3,359920,82.3,197503,45.1,01/12/2023
45-54,466073,425797,91.4,398202,85.4,250486,53.7,01/12/2023
55-64,518115,497919,96.1,470036,90.7,334780,64.6,01/12/2023
65-74,367270,364911,99.4,343012,93.4,273236,74.4,01/12/2023
75+,284821,271502,95.3,252193,88.5,194904,68.4,01/12/2023
Unknown,,700,,619,,,,01/12/2023
0-4,183070,25410,13.9,15995,8.7,135,0.1,01/18/2023
5-9,197078,101164,51.3,90893,46.1,14566,7.4,01/18/2023
10-14,214123,156470,73.1,144591,67.5,45918,21.4,01/18/2023
15-24,482051,407918,84.6,355944,73.8,167158,34.7,01/18/2023
25-34,455862,399218,87.6,352280,77.3,165890,36.4,01/18/2023
35-44,437481,394889,90.3,359940,82.3,197548,45.2,01/18/2023
45-54,466073,425783,91.4,398218,85.4,250532,53.8,01/18/2023
55-64,518115,497883,96.1,470064,90.7,334870,64.6,01/18/2023
65-74,367270,364847,99.3,343009,93.4,273304,74.4,01/18/2023
75+,284821,271482,95.3,252189,88.5,194949,68.4,01/18/2023
Unknown,,703,,623,,,,01/18/2023
0-4,183070,25650,14,16192,8.8,137,0.1,01/25/2023
5-9,197078,101257,51.4,90996,46.2,14572,7.4,01/25/2023
10-14,214123,156540,73.1,144669,67.6,45926,21.4,01/25/2023
15-24,482051,407976,84.6,356020,73.9,167231,34.7,01/25/2023
25-34,455862,399260,87.6,352357,77.3,165971,36.4,01/25/2023
35-44,437481,394871,90.3,359992,82.3,197643,45.2,01/25/2023
45-54,466073,425730,91.3,398250,85.4,250670,53.8,01/25/2023
55-64,518115,497785,96.1,470057,90.7,335004,64.7,01/25/2023
65-74,367270,364779,99.3,343012,93.4,273416,74.4,01/25/2023
75+,284821,271443,95.3,252191,88.5,195051,68.5,01/25/2023
Unknown,,706,,625,,,,01/25/2023
0-4,183070,25811,14.1,16348,8.9,140,0.1,02/01/2023
5-9,197078,101325,51.4,91074,46.2,14585,7.4,02/01/2023
10-14,214123,156562,73.1,144731,67.6,45944,21.5,02/01/2023
15-24,482051,408021,84.6,356117,73.9,167302,34.7,02/01/2023
25-34,455862,399270,87.6,352420,77.3,166039,36.4,02/01/2023
35-44,437481,394845,90.3,360045,82.3,197741,45.2,02/01/2023
45-54,466073,425623,91.3,398276,85.5,250801,53.8,02/01/2023
55-64,518115,497626,96,470045,90.7,335151,64.7,02/01/2023
65-74,367270,364672,99.3,342999,93.4,273509,74.5,02/01/2023
75+,284821,271387,95.3,252194,88.5,195094,68.5,02/01/2023
Unknown,,711,,630,,,,02/01/2023
0-4,183070,26009,14.2,16505,9,150,0.1,02/08/2023
5-9,197078,101414,51.5,91192,46.3,14597,7.4,02/08/2023
10-14,214123,156609,73.1,144801,67.6,45961,21.5,02/08/2023
15-24,482051,408066,84.7,356189,73.9,167361,34.7,02/08/2023
25-34,455862,399245,87.6,352438,77.3,166035,36.4,02/08/2023
35-44,437481,394832,90.3,360096,82.3,197811,45.2,02/08/2023
45-54,466073,425596,91.3,398279,85.5,250850,53.8,02/08/2023
55-64,518115,497546,96,470041,90.7,335241,64.7,02/08/2023
65-74,367270,364587,99.3,342966,93.4,273551,74.5,02/08/2023
75+,284821,271363,95.3,252189,88.5,195140,68.5,02/08/2023
Unknown,,716,,636,,,,02/08/2023
